,Scoring,Start,Start_Frame,Stop,Stop_Frame,Subject,Behaviour,Value,Partner,Initiation,Termination,_event,_interaction_subject_id,_percentage_start,_percentage_stop,_scope,_scoring_id,_social,_subject_id,_type,_type_name,_value,_value_color,_variable_id
0,StealingParadigm_2022_11_30_VS_Lilo3,1158.9997451099616,69540,1185.7164059010354,71143.0,Lilo3,trial,1,,,,False,,0.7196895213454075,0.7362794307891333,3,7560,0,2234,LOOPY_scoring_duration_nonsocial,Nonsocial Duration,14403,#c5f379,14397
1,StealingParadigm_2022_11_30_VS_Lilo3,1170.3330759508412,70220,1179.566407253558,70774.0,Lilo3,latency_first_choice,latency,,,,False,,0.7267270375161707,0.7324605433376455,3,7560,0,2234,LOOPY_scoring_duration_nonsocial,Nonsocial Duration,14408,#9279f3,14398
2,StealingParadigm_2022_11_30_VS_Lilo3,1179.84974052458,70791,,,Lilo3,first_choice,transparent,,,,True,,0.7326364812419146,0.7326364812419146,3,7560,0,2234,LOOPY_scoring_event_nonsocial,Nonsocial Event,14401,#79f398,14396
3,StealingParadigm_2022_11_30_VS_Lilo3,1211.6830668570508,72701,1241.883060215395,74513.0,Lilo3,trial,2,,,,False,,0.7524036222509702,0.7711565329883571,3,7560,0,2234,LOOPY_scoring_duration_nonsocial,Nonsocial Duration,14404,#c5f379,14397
4,StealingParadigm_2022_11_30_VS_Lilo3,1225.5330638111259,73532,1233.8997286377753,74034.0,Lilo3,latency_first_choice,latency,,,,False,,0.7610038809831824,0.7661992238033635,3,7560,0,2234,LOOPY_scoring_duration_nonsocial,Nonsocial Duration,14408,#9279f3,14398
5,StealingParadigm_2022_11_30_VS_Lilo3,1234.5330618318244,74072,,,Lilo3,first_choice,transparent,,,,True,,0.7665924967658474,0.7665924967658474,3,7560,0,2234,LOOPY_scoring_event_nonsocial,Nonsocial Event,14401,#79f398,14396
6,StealingParadigm_2022_11_30_VS_Lilo3,1395.9830263253561,83759,1486.7330063674003,89204.0,Lilo3,trial,3,,,,False,,0.8668460543337646,0.9231979301423027,3,7560,0,2234,LOOPY_scoring_duration_nonsocial,Nonsocial Duration,14405,#c5f379,14397
7,StealingParadigm_2022_11_30_VS_Lilo3,1411.3830229385517,84683,1476.1496753615788,88569.0,Lilo3,latency_first_choice,latency,,,,False,,0.8764087968952134,0.9166261319534282,3,7560,0,2234,LOOPY_scoring_duration_nonsocial,Nonsocial Duration,14408,#9279f3,14398
8,StealingParadigm_2022_11_30_VS_Lilo3,1476.283008665589,88577,,,Lilo3,first_choice,transparent,,,,True,,0.9167089262613195,0.9167089262613195,3,7560,0,2234,LOOPY_scoring_event_nonsocial,Nonsocial Event,14401,#79f398,14396
9,StealingParadigm_2022_11_30_VS_Lilo3,1515.0496668065982,90903,1589.2829838143603,95357.0,Lilo3,trial,4,,,,False,,0.9407813712807245,0.9868771021992238,3,7560,0,2234,LOOPY_scoring_duration_nonsocial,Nonsocial Duration,14406,#c5f379,14397
10,StealingParadigm_2022_11_30_VS_Lilo3,1524.1996647943083,91452,1580.8329856727044,94850.0,Lilo3,latency_first_choice,latency,,,,False,,0.9464631306597672,0.9816300129366106,3,7560,0,2234,LOOPY_scoring_duration_nonsocial,Nonsocial Duration,14408,#9279f3,14398
11,StealingParadigm_2022_11_30_VS_Lilo3,1581.449652203752,94887,,,Lilo3,first_choice,transparent,,,,True,,0.9820129366106081,0.9820129366106081,3,7560,0,2234,LOOPY_scoring_event_nonsocial,Nonsocial Event,14401,#79f398,14396
12,StealingParadigm_2022_12_07_VS_Zira,1064.0,63840,1100.2833333333333,66017.0,Zira,trial,1,,,,False,,0.6605071751523491,0.6830310492173032,3,7561,0,2235,LOOPY_scoring_duration_nonsocial,Nonsocial Duration,14403,#c5f379,14397
13,StealingParadigm_2022_12_07_VS_Zira,1080.4833333333333,64829,1084.2166666666667,65053.0,Zira,latency_first_choice,latency,,,,False,,0.670739656296235,0.6730572253318573,3,7561,0,2235,LOOPY_scoring_duration_nonsocial,Nonsocial Duration,14408,#9279f3,14398
14,StealingParadigm_2022_12_07_VS_Zira,1084.1166666666666,65047,,,Zira,first_choice,opaque,,,,True,,0.6729951475898317,0.6729951475898317,3,7561,0,2235,LOOPY_scoring_event_nonsocial,Nonsocial Event,14400,#bb79f3,14396
15,StealingParadigm_2022_12_07_VS_Zira,1084.7333333333333,65084,1094.0166666666667,65641.0,Zira,latency_first_choice,latency_to_2nd_choice,,,,False,,0.6733779603323229,0.6791408440503658,3,7561,0,2235,LOOPY_scoring_duration_nonsocial,Nonsocial Duration,14409,#83f379,14398
16,StealingParadigm_2022_12_07_VS_Zira,1126.1166666666666,67567,1161.6,69696.0,Zira,trial,2,,,,False,,0.6990677992405823,0.7210950513693315,3,7561,0,2235,LOOPY_scoring_duration_nonsocial,Nonsocial Duration,14404,#c5f379,14397
17,StealingParadigm_2022_12_07_VS_Zira,1142.2,68532,1145.7333333333333,68744.0,Zira,latency_first_choice,latency,,,,False,,0.7090519694163657,0.7112453829679368,3,7561,0,2235,LOOPY_scoring_duration_nonsocial,Nonsocial Duration,14408,#9279f3,14398
18,StealingParadigm_2022_12_07_VS_Zira,1145.4666666666667,68728,,,Zira,first_choice,transparent,,,,True,,0.7110798423225353,0.7110798423225353,3,7561,0,2235,LOOPY_scoring_event_nonsocial,Nonsocial Event,14401,#79f398,14396
19,StealingParadigm_2022_12_07_VS_Zira,1146.0166666666667,68761,1156.5666666666666,69394.0,Zira,latency_first_choice,latency_to_2nd_choice,,,,False,,0.711421269903676,0.7179704716873765,3,7561,0,2235,LOOPY_scoring_duration_nonsocial,Nonsocial Duration,14409,#83f379,14398
20,StealingParadigm_2022_12_07_VS_Zira,1367.5166666666667,82051,1400.7333333333333,84044.0,Zira,trial,3,,,,False,,0.8489234684903728,0.8695436251332085,3,7561,0,2235,LOOPY_scoring_duration_nonsocial,Nonsocial Duration,14405,#c5f379,14397
21,StealingParadigm_2022_12_07_VS_Zira,1381.6833333333334,82901,1384.9833333333333,83099.0,Zira,latency_first_choice,latency,,,,False,,0.8577178152773323,0.859766380764177,3,7561,0,2235,LOOPY_scoring_duration_nonsocial,Nonsocial Duration,14408,#9279f3,14398
22,StealingParadigm_2022_12_07_VS_Zira,1384.0166666666667,83041,,,Zira,first_choice,opaque,,,,True,,0.8591662959245963,0.8591662959245963,3,7561,0,2235,LOOPY_scoring_event_nonsocial,Nonsocial Event,14400,#bb79f3,14396
23,StealingParadigm_2022_12_07_VS_Zira,1386.3166666666666,83179,1391.5166666666667,83491.0,Zira,latency_first_choice,latency_to_2nd_choice,,,,False,,0.860594083991185,0.863822126576516,3,7561,0,2235,LOOPY_scoring_duration_nonsocial,Nonsocial Duration,14409,#83f379,14398
24,StealingParadigm_2022_12_07_VS_Zira,1429.0666666666666,85744,1520.85,91251.0,Zira,trial,4,,,,False,,0.8871323187071276,0.9441093395962877,3,7561,0,2235,LOOPY_scoring_duration_nonsocial,Nonsocial Duration,14406,#c5f379,14397
25,StealingParadigm_2022_12_07_VS_Zira,1444.4833333333333,86669,1512.2833333333333,90737.0,Zira,latency_first_choice,latency,,,,False,,0.896702637269407,0.9387913463627616,3,7561,0,2235,LOOPY_scoring_duration_nonsocial,Nonsocial Duration,14408,#9279f3,14398
26,StealingParadigm_2022_12_07_VS_Zira,1511.55,90693,,,Zira,first_choice,transparent,,,,True,,0.9383361095879073,0.9383361095879073,3,7561,0,2235,LOOPY_scoring_event_nonsocial,Nonsocial Event,14401,#79f398,14396
27,StealingParadigm_2022_12_07_VS_Zira,1512.5333333333333,90752,1516.7666666666667,91006.0,Zira,latency_first_choice,latency_to_2nd_choice,,,,False,,0.9389465407178256,0.9415744984635759,3,7561,0,2235,LOOPY_scoring_duration_nonsocial,Nonsocial Duration,14409,#83f379,14398
28,StealingParadigm_2022_12_05_VS_Balou4,1159.95,69597,1216.7666666666667,73006.0,Balou4,trial,1,,,,False,,0.664746840883693,0.6973074682178095,3,7562,0,2236,LOOPY_scoring_duration_nonsocial,Nonsocial Duration,14403,#c5f379,14397
29,StealingParadigm_2022_12_05_VS_Balou4,1173.1666666666667,70390,1206.8,72408.0,Balou4,latency_first_choice,latency,,,,False,,0.6723210789229873,0.6915957477291613,3,7562,0,2236,LOOPY_scoring_duration_nonsocial,Nonsocial Duration,14408,#9279f3,14398
30,StealingParadigm_2022_12_05_VS_Balou4,1206.6166666666666,72397,,,Balou4,first_choice,opaque,,,,True,,0.6914906826365608,0.6914906826365608,3,7562,0,2236,LOOPY_scoring_event_nonsocial,Nonsocial Event,14400,#bb79f3,14396
31,StealingParadigm_2022_12_05_VS_Balou4,1207.9833333333333,72479,1213.1,72786.0,Balou4,latency_first_choice,latency_to_2nd_choice,,,,False,,0.6922738951450376,0.6952061663657985,3,7562,0,2236,LOOPY_scoring_duration_nonsocial,Nonsocial Duration,14409,#83f379,14398
32,StealingParadigm_2022_12_05_VS_Balou4,1239.3166666666666,74359,1373.8833333333334,82433.0,Balou4,trial,2,,,,False,,0.7102304746076774,0.7873482525764827,3,7562,0,2236,LOOPY_scoring_duration_nonsocial,Nonsocial Duration,14404,#c5f379,14397
33,StealingParadigm_2022_12_05_VS_Balou4,1252.7,75162,1355.0166666666667,81301.0,Balou4,latency_first_choice,latency,,,,False,,0.7179002263675177,0.7765360994106804,3,7562,0,2236,LOOPY_scoring_duration_nonsocial,Nonsocial Duration,14408,#9279f3,14398
34,StealingParadigm_2022_12_05_VS_Balou4,1355.2,81312,,,Balou4,first_choice,transparent,,,,True,,0.7766411645032809,0.7766411645032809,3,7562,0,2236,LOOPY_scoring_event_nonsocial,Nonsocial Event,14401,#79f398,14396
35,StealingParadigm_2022_12_05_VS_Balou4,1660.1,99606,1699.55,101973.0,Balou4,trial,3,,,,False,,0.9513739648700535,0.9739820625232815,3,7562,0,2236,LOOPY_scoring_duration_nonsocial,Nonsocial Duration,14405,#c5f379,14397
36,StealingParadigm_2022_12_05_VS_Balou4,1682.8833333333334,100973,1685.7166666666667,101143.0,Balou4,latency_first_choice,latency,,,,False,,0.9644306904686858,0.9660544237179671,3,7562,0,2236,LOOPY_scoring_duration_nonsocial,Nonsocial Duration,14408,#9279f3,14398
37,StealingParadigm_2022_12_05_VS_Balou4,1685.8333333333333,101150,,,Balou4,first_choice,opaque,,,,True,,0.9661212833223493,0.9661212833223493,3,7562,0,2236,LOOPY_scoring_event_nonsocial,Nonsocial Event,14400,#bb79f3,14396
38,StealingParadigm_2022_12_05_VS_Balou4,1686.8833333333334,101213,1689.4666666666667,101368.0,Balou4,latency_first_choice,latency_to_2nd_choice,,,,False,,0.9667230197617888,0.9682034824302511,3,7562,0,2236,LOOPY_scoring_duration_nonsocial,Nonsocial Duration,14409,#83f379,14398
39,StealingParadigm_2022_12_05_VS_Balou4,1721.2333333333333,103274,1744.9333333333334,104696.0,Balou4,trial,4,,,,False,,0.9864083975663104,0.9999904486279454,3,7562,0,2236,LOOPY_scoring_duration_nonsocial,Nonsocial Duration,14406,#c5f379,14397
40,StealingParadigm_2022_12_05_VS_Balou4,1738.5833333333333,104315,1741.9,104514.0,Balou4,latency_first_choice,latency,,,,False,,0.9963513758751444,0.998252098914009,3,7562,0,2236,LOOPY_scoring_duration_nonsocial,Nonsocial Duration,14408,#9279f3,14398
41,StealingParadigm_2022_12_05_VS_Balou4,1741.7666666666667,104506,,,Balou4,first_choice,transparent,,,,True,,0.9981756879375723,0.9981756879375723,3,7562,0,2236,LOOPY_scoring_event_nonsocial,Nonsocial Event,14401,#79f398,14396
42,StealingParadigm_2022_12_07_VS_Nele4,433.1663905020791,25990,548.0163172796792,32881.0,Nele4,trial,1,,,,False,,0.40169394599774344,0.5081992550346981,3,7563,0,2237,LOOPY_scoring_duration_nonsocial,Nonsocial Duration,14403,#c5f379,14397
43,StealingParadigm_2022_12_07_VS_Nele4,454.33304367397756,27260,531.5663277673456,31894.0,Nele4,latency_first_choice,latency,,,,False,,0.42132269980371245,0.4929444676280119,3,7563,0,2237,LOOPY_scoring_duration_nonsocial,Nonsocial Duration,14408,#9279f3,14398
44,StealingParadigm_2022_12_07_VS_Nele4,532.1496607287759,31929,544.099653110076,32646.0,Nele4,latency_first_choice,latency_to_2nd_choice,,,,False,,0.49348541753605046,0.5045671627950109,3,7563,0,2237,LOOPY_scoring_duration_nonsocial,Nonsocial Duration,14409,#83f379,14398
45,StealingParadigm_2022_12_07_VS_Nele4,539.8329891636146,32390,,,Nele4,first_choice,opaque,,,,True,,0.5006105006105006,0.5006105006105006,3,7563,0,2237,LOOPY_scoring_event_nonsocial,Nonsocial Event,14400,#bb79f3,14396
46,StealingParadigm_2022_12_07_VS_Nele4,567.2496383508374,34035,599.5496177580335,35973.0,Nele4,trial,2,,,,False,,0.5260351462883108,0.5559883154819864,3,7563,0,2237,LOOPY_scoring_duration_nonsocial,Nonsocial Duration,14404,#c5f379,14397
47,StealingParadigm_2022_12_07_VS_Nele4,582.1662955074114,34930,591.0162898651107,35461.0,Nele4,latency_first_choice,latency,,,,False,,0.5398680082224386,0.5480749911129658,3,7563,0,2237,LOOPY_scoring_duration_nonsocial,Nonsocial Duration,14408,#9279f3,14398
48,StealingParadigm_2022_12_07_VS_Nele4,592.2996223802573,35538,596.649619606923,35799.0,Nele4,latency_first_choice,latency_to_2nd_choice,,,,False,,0.5492650809106505,0.553299021653452,3,7563,0,2237,LOOPY_scoring_duration_nonsocial,Nonsocial Duration,14409,#83f379,14398
49,StealingParadigm_2022_12_07_VS_Nele4,592.9996219339737,35580,,,Nele4,first_choice,transparent,,,,True,,0.5499142208002967,0.5499142208002967,3,7563,0,2237,LOOPY_scoring_event_nonsocial,Nonsocial Event,14401,#79f398,14396
50,StealingParadigm_2022_12_07_VS_Nele4,824.532807653669,49472,932.366072238065,55942.0,Nele4,trial,3,,,,False,,0.7646249671566128,0.8646234215854469,3,7563,0,2237,LOOPY_scoring_duration_nonsocial,Nonsocial Duration,14405,#c5f379,14397
51,StealingParadigm_2022_12_07_VS_Nele4,842.9661292348657,50578,922.866078294772,55372.0,Nele4,latency_first_choice,latency,,,,False,,0.7817189842506298,0.8558136659402482,3,7563,0,2237,LOOPY_scoring_duration_nonsocial,Nonsocial Duration,14408,#9279f3,14398
52,StealingParadigm_2022_12_07_VS_Nele4,923.366077975998,55402,929.149407622178,55749.0,Nele4,latency_first_choice,latency_to_2nd_choice,,,,False,,0.8562773372899956,0.8616404692354059,3,7563,0,2237,LOOPY_scoring_duration_nonsocial,Nonsocial Duration,14409,#83f379,14398
53,StealingParadigm_2022_12_07_VS_Nele4,926.8494090885387,55611,,,Nele4,first_choice,transparent,,,,True,,0.8595075810265683,0.8595075810265683,3,7563,0,2237,LOOPY_scoring_event_nonsocial,Nonsocial Event,14401,#79f398,14396
54,StealingParadigm_2022_12_07_VS_Nele4,950.2993941380356,57018,1047.8159986331364,62869.0,Nele4,trial,4,,,,False,,0.8812537673297167,0.9716851362420983,3,7563,0,2237,LOOPY_scoring_duration_nonsocial,Nonsocial Duration,14406,#c5f379,14397
55,StealingParadigm_2022_12_07_VS_Nele4,966.049384096653,57963,1038.3993379700476,62304.0,Nele4,latency_first_choice,latency,,,,False,,0.8958594148467566,0.9629526591551908,3,7563,0,2237,LOOPY_scoring_duration_nonsocial,Nonsocial Duration,14408,#9279f3,14398
56,StealingParadigm_2022_12_07_VS_Nele4,1039.5160039247855,62371,,,Nele4,first_choice,transparent,,,,True,,0.9639881918362931,0.9639881918362931,3,7563,0,2237,LOOPY_scoring_event_nonsocial,Nonsocial Event,14401,#79f398,14396
57,StealingParadigm_2022_12_07_VS_Nele4,1041.0826695926269,62465,1043.8160011833286,62629.0,Nele4,latency_first_choice,latency_to_2nd_choice,,,,False,,0.965441028732168,0.9679757654441199,3,7563,0,2237,LOOPY_scoring_duration_nonsocial,Nonsocial Duration,14409,#83f379,14398
58,StealingParadigm_2022_12_13_VS_Principessa,562.85,33771,651.25,39075.0,Principessa,trial,1,,,,False,,0.30648249825300167,0.35461797457096444,3,7564,0,2238,LOOPY_scoring_duration_nonsocial,Nonsocial Duration,14403,#c5f379,14397
59,StealingParadigm_2022_12_13_VS_Principessa,580.1666666666666,34810,641.7333333333333,38504.0,Principessa,latency_first_choice,latency,,,,False,,0.3159117516267504,0.3494359691076242,3,7564,0,2238,LOOPY_scoring_duration_nonsocial,Nonsocial Duration,14408,#9279f3,14398
60,StealingParadigm_2022_12_13_VS_Principessa,642.5333333333333,38552,647.2333333333333,38834.0,Principessa,latency_first_choice,latency_to_2nd_choice,,,,False,,0.3498715842779225,0.352430823403425,3,7564,0,2238,LOOPY_scoring_duration_nonsocial,Nonsocial Duration,14409,#83f379,14398
61,StealingParadigm_2022_12_13_VS_Principessa,647.8666666666667,38872,,,Principessa,first_choice,transparent,,,,True,,0.3527756854132445,0.3527756854132445,3,7564,0,2238,LOOPY_scoring_event_nonsocial,Nonsocial Event,14401,#79f398,14396
62,StealingParadigm_2022_12_13_VS_Principessa,664.6,39876,703.4166666666666,42205.0,Principessa,trial,2,,,,False,,0.3618873027253174,0.3830237138008331,3,7564,0,2238,LOOPY_scoring_duration_nonsocial,Nonsocial Duration,14404,#c5f379,14397
63,StealingParadigm_2022_12_13_VS_Principessa,681.4333333333333,40886,694.3333333333334,41660.0,Principessa,latency_first_choice,latency,,,,False,,0.3710533719336776,0.3780776665547378,3,7564,0,2238,LOOPY_scoring_duration_nonsocial,Nonsocial Duration,14408,#9279f3,14398
64,StealingParadigm_2022_12_13_VS_Principessa,695.8666666666667,41752,699.75,41985.0,Principessa,latency_first_choice,latency_to_2nd_choice,,,,False,,0.3789125956311429,0.3810271442702992,3,7564,0,2238,LOOPY_scoring_duration_nonsocial,Nonsocial Duration,14409,#83f379,14398
65,StealingParadigm_2022_12_13_VS_Principessa,701.2166666666667,42073,,,Principessa,first_choice,transparent,,,,True,,0.3818257720825128,0.3818257720825128,3,7564,0,2238,LOOPY_scoring_event_nonsocial,Nonsocial Event,14401,#79f398,14396
66,StealingParadigm_2022_12_13_VS_Principessa,1030.7,61842,1184.45,71067.0,Principessa,trial,3,,,,False,,0.5612356950330796,0.6449554855747851,3,7564,0,2238,LOOPY_scoring_duration_nonsocial,Nonsocial Duration,14405,#c5f379,14397
67,StealingParadigm_2022_12_13_VS_Principessa,1048.4333333333334,62906,1106.0166666666667,66361.0,Principessa,latency_first_choice,latency,,,,False,,0.5708918313080253,0.6022470482534554,3,7564,0,2238,LOOPY_scoring_duration_nonsocial,Nonsocial Duration,14408,#9279f3,14398
68,StealingParadigm_2022_12_13_VS_Principessa,1107.1,66426,1184.45,71067.0,Principessa,latency_first_choice,latency_to_2nd_choice,,,,False,,0.6028369437965677,0.6449554855747851,3,7564,0,2238,LOOPY_scoring_duration_nonsocial,Nonsocial Duration,14409,#83f379,14398
69,StealingParadigm_2022_12_13_VS_Principessa,1108.4666666666667,66508,,,Principessa,first_choice,transparent,,,,True,,0.603581119712494,0.603581119712494,3,7564,0,2238,LOOPY_scoring_event_nonsocial,Nonsocial Event,14401,#79f398,14396
70,StealingParadigm_2022_12_15_VS_Tofu,963.7328347130245,57824,993.3494860564987,59601.0,Tofu,trial,1,,,,False,,0.725265904073851,0.7475541842263697,3,7565,0,2239,LOOPY_scoring_duration_nonsocial,Nonsocial Duration,14403,#c5f379,14397
71,StealingParadigm_2022_12_15_VS_Tofu,983.0828247016422,58985,986.5161562586234,59191.0,Tofu,latency_first_choice,latency,,,,False,,0.7398279149106963,0.7424116997792495,3,7565,0,2239,LOOPY_scoring_duration_nonsocial,Nonsocial Duration,14408,#9279f3,14398
72,StealingParadigm_2022_12_15_VS_Tofu,987.6828223216753,59261,,,Tofu,first_choice,transparent,,,,True,,0.7432896849287578,0.7432896849287578,3,7565,0,2239,LOOPY_scoring_event_nonsocial,Nonsocial Event,14401,#79f398,14396
73,StealingParadigm_2022_12_15_VS_Tofu,987.7994889279804,59268,989.4828213903838,59369.0,Tofu,latency_first_choice,latency_to_2nd_choice,,,,False,,0.7433774834437086,0.7446442905879992,3,7565,0,2239,LOOPY_scoring_duration_nonsocial,Nonsocial Duration,14409,#83f379,14398
74,StealingParadigm_2022_12_15_VS_Tofu,1015.7161411510075,60943,1043.6661266901217,62620.0,Tofu,trial,2,,,,False,,0.7643864138069436,0.7854204294601645,3,7565,0,2239,LOOPY_scoring_duration_nonsocial,Nonsocial Duration,14404,#c5f379,14397
75,StealingParadigm_2022_12_15_VS_Tofu,1036.516130389418,62191,1037.6994631105135,62262.0,Tofu,latency_first_choice,latency,,,,False,,0.7800396347581778,0.7809301625526791,3,7565,0,2239,LOOPY_scoring_duration_nonsocial,Nonsocial Duration,14408,#9279f3,14398
76,StealingParadigm_2022_12_15_VS_Tofu,1038.6827959350858,62321,1040.5661282940125,62434.0,Tofu,latency_first_choice,latency_to_2nd_choice,,,,False,,0.7816701786072647,0.783087497491471,3,7565,0,2239,LOOPY_scoring_duration_nonsocial,Nonsocial Duration,14409,#83f379,14398
77,StealingParadigm_2022_12_15_VS_Tofu,1041.66612772489,62500,,,Tofu,first_choice,transparent,,,,True,,0.7839153120610074,0.7839153120610074,3,7565,0,2239,LOOPY_scoring_event_nonsocial,Nonsocial Event,14401,#79f398,14396
78,StealingParadigm_2022_12_15_VS_Tofu,1224.066033354029,73444,1252.23268544771,75134.0,Tofu,trial,3,,,,False,,0.9211820188641381,0.9423790889022677,3,7565,0,2239,LOOPY_scoring_duration_nonsocial,Nonsocial Duration,14405,#c5f379,14397
79,StealingParadigm_2022_12_15_VS_Tofu,1245.766022126794,74746,1247.3493546409359,74841.0,Tofu,latency_first_choice,latency,,,,False,,0.937512542644993,0.9387040939193257,3,7565,0,2239,LOOPY_scoring_duration_nonsocial,Nonsocial Duration,14408,#9279f3,14398
80,StealingParadigm_2022_12_15_VS_Tofu,1247.3326879828921,74840,,,Tofu,first_choice,opaque,,,,True,,0.9386915512743327,0.9386915512743327,3,7565,0,2239,LOOPY_scoring_event_nonsocial,Nonsocial Event,14400,#bb79f3,14396
81,StealingParadigm_2022_12_15_VS_Tofu,1247.5160212213718,74851,1249.4493535544293,74967.0,Tofu,latency_first_choice,latency_to_2nd_choice,,,,False,,0.9388295203692555,0.9402844671884407,3,7565,0,2239,LOOPY_scoring_duration_nonsocial,Nonsocial Duration,14409,#83f379,14398
82,StealingParadigm_2022_12_15_VS_Tofu,1273.649341033734,76419,1300.8326603028427,78050.0,Tofu,trial,4,,,,False,,0.958496387718242,0.9789534417017861,3,7565,0,2239,LOOPY_scoring_duration_nonsocial,Nonsocial Duration,14406,#c5f379,14397
83,StealingParadigm_2022_12_15_VS_Tofu,1295.2659965162807,77716,1296.6326624758558,77798.0,Tofu,latency_first_choice,latency,,,,False,,0.9747641982741321,0.975792695163556,3,7565,0,2239,LOOPY_scoring_duration_nonsocial,Nonsocial Duration,14408,#9279f3,14398
84,StealingParadigm_2022_12_15_VS_Tofu,1296.8159957143355,77809,1298.7659947054365,77926.0,Tofu,latency_first_choice,latency_to_2nd_choice,,,,False,,0.9759306642584789,0.977398153722657,3,7565,0,2239,LOOPY_scoring_duration_nonsocial,Nonsocial Duration,14409,#83f379,14398
85,StealingParadigm_2022_12_15_VS_Tofu,1299.3826610530496,77963,,,Tofu,first_choice,transparent,,,,True,,0.9778622315873972,0.9778622315873972,3,7565,0,2239,LOOPY_scoring_event_nonsocial,Nonsocial Event,14401,#79f398,14396
86,StealingParadigm_2023_01_09_VS_Dorli,1120.5166666666667,67231,1245.1833333333334,74711.0,Dorli,trial,1,,,,False,,0.6775610985134795,0.7529453262786596,3,7566,0,2240,LOOPY_scoring_duration_nonsocial,Nonsocial Duration,14403,#c5f379,14397
87,StealingParadigm_2023_01_09_VS_Dorli,1139.2666666666667,68356,1237.3666666666666,74242.0,Dorli,latency_first_choice,latency,,,,False,,0.688898966994205,0.7482186948853615,3,7566,0,2240,LOOPY_scoring_duration_nonsocial,Nonsocial Duration,14408,#9279f3,14398
88,StealingParadigm_2023_01_09_VS_Dorli,1238.1833333333334,74291,1243.3166666666666,74599.0,Dorli,latency_first_choice,latency_to_2nd_choice,,,,False,,0.7487125220458554,0.7518165784832451,3,7566,0,2240,LOOPY_scoring_duration_nonsocial,Nonsocial Duration,14409,#83f379,14398
89,StealingParadigm_2023_01_09_VS_Dorli,1240.7666666666667,74446,,,Dorli,first_choice,transparent,,,,True,,0.7502746283698665,0.7502746283698665,3,7566,0,2240,LOOPY_scoring_event_nonsocial,Nonsocial Event,14401,#79f398,14396
90,StealingParadigm_2023_01_09_VS_Dorli,1284.05,77043,1345.2,80712.0,Dorli,trial,2,,,,False,,0.7764474678760394,0.8134240362811791,3,7566,0,2240,LOOPY_scoring_duration_nonsocial,Nonsocial Duration,14404,#c5f379,14397
91,StealingParadigm_2023_01_09_VS_Dorli,1296.5166666666667,77791,1324.9333333333334,79496.0,Dorli,latency_first_choice,latency,,,,False,,0.7839858906525573,0.8011690602166792,3,7566,0,2240,LOOPY_scoring_duration_nonsocial,Nonsocial Duration,14408,#9279f3,14398
92,StealingParadigm_2023_01_09_VS_Dorli,1325.75,79545,1344.55,80673.0,Dorli,latency_first_choice,latency_to_2nd_choice,,,,False,,0.8016628873771731,0.8130309901738473,3,7566,0,2240,LOOPY_scoring_duration_nonsocial,Nonsocial Duration,14409,#83f379,14398
93,StealingParadigm_2023_01_09_VS_Dorli,1326.8166666666666,79609,,,Dorli,first_choice,transparent,,,,True,,0.8023078861174099,0.8023078861174099,3,7566,0,2240,LOOPY_scoring_event_nonsocial,Nonsocial Event,14401,#79f398,14396
94,StealingParadigm_2023_01_09_VS_Dorli,1554.0333333333333,93242,1589.5666666666666,95374.0,Dorli,trial,3,,,,False,,0.9397026958931721,0.9611892164273117,3,7566,0,2240,LOOPY_scoring_duration_nonsocial,Nonsocial Duration,14405,#c5f379,14397
95,StealingParadigm_2023_01_09_VS_Dorli,1575.3166666666666,94519,1582.3666666666666,94942.0,Dorli,latency_first_choice,latency,,,,False,,0.9525724363819602,0.9568354749307131,3,7566,0,2240,LOOPY_scoring_duration_nonsocial,Nonsocial Duration,14408,#9279f3,14398
96,StealingParadigm_2023_01_09_VS_Dorli,1583.1333333333334,94988,1586.9166666666667,95215.0,Dorli,latency_first_choice,latency_to_2nd_choice,,,,False,,0.9572990677752583,0.9595867976820358,3,7566,0,2240,LOOPY_scoring_duration_nonsocial,Nonsocial Duration,14409,#83f379,14398
97,StealingParadigm_2023_01_09_VS_Dorli,1587.9333333333334,95276,,,Dorli,first_choice,opaque,,,,True,,0.960201562106324,0.960201562106324,3,7566,0,2240,LOOPY_scoring_event_nonsocial,Nonsocial Event,14400,#bb79f3,14396
98,StealingParadigm_2023_01_09_VS_Dorli,1623.5666666666666,97414,1652.9,99174.0,Dorli,trial,4,,,,False,,0.9817485512723608,0.9994860166288738,3,7566,0,2240,LOOPY_scoring_duration_nonsocial,Nonsocial Duration,14406,#c5f379,14397
99,StealingParadigm_2023_01_09_VS_Dorli,1639.2833333333333,98357,1643.05,98583.0,Dorli,latency_first_choice,latency,,,,False,,0.9912522045855379,0.9935298563869992,3,7566,0,2240,LOOPY_scoring_duration_nonsocial,Nonsocial Duration,14408,#9279f3,14398
100,StealingParadigm_2023_01_09_VS_Dorli,1643.7166666666667,98623,1651.1833333333334,99071.0,Dorli,latency_first_choice,latency_to_2nd_choice,,,,False,,0.9939329805996473,0.9984479717813051,3,7566,0,2240,LOOPY_scoring_duration_nonsocial,Nonsocial Duration,14409,#83f379,14398
101,StealingParadigm_2023_01_09_VS_Dorli,1646.25,98775,,,Dorli,first_choice,transparent,,,,True,,0.9954648526077098,0.9954648526077098,3,7566,0,2240,LOOPY_scoring_event_nonsocial,Nonsocial Event,14401,#79f398,14396
102,StealingParadigm_2023_01_30_VS_Rose,895.3666666666667,53722,925.3,55518.0,Rose,trial,1,,,,False,,0.6450226325837165,0.666586622161922,3,7567,0,2241,LOOPY_scoring_duration_nonsocial,Nonsocial Duration,14403,#c5f379,14397
103,StealingParadigm_2023_01_30_VS_Rose,918.3,55098,919.9333333333333,55196.0,Rose,latency_first_choice,latency,,,,False,,0.6615438183630098,0.662720472582756,3,7567,0,2241,LOOPY_scoring_duration_nonsocial,Nonsocial Duration,14408,#9279f3,14398
104,StealingParadigm_2023_01_30_VS_Rose,920.3166666666667,55219,923.8,55428.0,Rose,latency_first_choice,latency_to_2nd_choice,,,,False,,0.662996626124125,0.6655060213478694,3,7567,0,2241,LOOPY_scoring_duration_nonsocial,Nonsocial Duration,14409,#83f379,14398
105,StealingParadigm_2023_01_30_VS_Rose,926.8666666666667,55612,,,Rose,first_choice,transparent,,,,True,,0.6677152496788215,0.6677152496788215,3,7567,0,2241,LOOPY_scoring_event_nonsocial,Nonsocial Event,14401,#79f398,14396
106,StealingParadigm_2023_01_30_VS_Rose,950.3333333333334,57020,977.5166666666667,58651.0,Rose,trial,2,,,,False,,0.6846206490808889,0.7042035371666646,3,7567,0,2241,LOOPY_scoring_duration_nonsocial,Nonsocial Duration,14404,#c5f379,14397
107,StealingParadigm_2023_01_30_VS_Rose,969.4,58164,971.0833333333334,58265.0,Rose,latency_first_choice,latency,,,,False,,0.6983562860950688,0.6995689603419502,3,7567,0,2241,LOOPY_scoring_duration_nonsocial,Nonsocial Duration,14408,#9279f3,14398
108,StealingParadigm_2023_01_30_VS_Rose,972.2,58332,974.6,58476.0,Rose,latency_first_choice,latency_to_2nd_choice,,,,False,,0.7003734076146337,0.702102368917118,3,7567,0,2241,LOOPY_scoring_duration_nonsocial,Nonsocial Duration,14409,#83f379,14398
109,StealingParadigm_2023_01_30_VS_Rose,976.3,58578,,,Rose,first_choice,transparent,,,,True,,0.7033270498397108,0.7033270498397108,3,7567,0,2241,LOOPY_scoring_event_nonsocial,Nonsocial Event,14401,#79f398,14396
110,StealingParadigm_2023_01_30_VS_Rose,1224.9666666666667,73498,1257.4833333333333,75449.0,Rose,trial,3,,,,False,,0.8824666514582108,0.9058916757717291,3,7567,0,2241,LOOPY_scoring_duration_nonsocial,Nonsocial Duration,14405,#c5f379,14397
111,StealingParadigm_2023_01_30_VS_Rose,1244.95,74697,1247.7333333333333,74864.0,Rose,latency_first_choice,latency,,,,False,,0.8968626556365339,0.8988677704803871,3,7567,0,2241,LOOPY_scoring_duration_nonsocial,Nonsocial Duration,14408,#9279f3,14398
112,StealingParadigm_2023_01_30_VS_Rose,1248.3,74898,1253.8666666666666,75232.0,Rose,latency_first_choice,latency_to_2nd_choice,,,,False,,0.8992759974545848,0.9032862271422911,3,7567,0,2241,LOOPY_scoring_duration_nonsocial,Nonsocial Duration,14409,#83f379,14398
113,StealingParadigm_2023_01_30_VS_Rose,1256.3166666666666,75379,,,Rose,first_choice,transparent,,,,True,,0.9050512084719103,0.9050512084719103,3,7567,0,2241,LOOPY_scoring_event_nonsocial,Nonsocial Event,14401,#79f398,14396
114,StealingParadigm_2023_01_30_VS_Rose,1275.0166666666667,76501,1347.9666666666667,80878.0,Rose,trial,4,,,,False,,0.918522698620433,0.9710759182105251,3,7567,0,2241,LOOPY_scoring_duration_nonsocial,Nonsocial Duration,14406,#c5f379,14397
115,StealingParadigm_2023_01_30_VS_Rose,1292.35,77541,1340.6166666666666,80437.0,Rose,latency_first_choice,latency,,,,False,,0.9310096413605965,0.9657809742216672,3,7567,0,2241,LOOPY_scoring_duration_nonsocial,Nonsocial Duration,14408,#9279f3,14398
116,StealingParadigm_2023_01_30_VS_Rose,1342.4166666666667,80545,1346.6,80796.0,Rose,latency_first_choice,latency_to_2nd_choice,,,,False,,0.9670776951985304,0.970091370802166,3,7567,0,2241,LOOPY_scoring_duration_nonsocial,Nonsocial Duration,14409,#83f379,14398
117,StealingParadigm_2023_01_30_VS_Rose,1343.95,80637,,,Rose,first_choice,transparent,,,,True,,0.9681823093640064,0.9681823093640064,3,7567,0,2241,LOOPY_scoring_event_nonsocial,Nonsocial Event,14401,#79f398,14396
118,StealingParadigm_2023_02_01_VS_Jay2,1076.85,64611,1143.9333333333334,68636.0,Jay2,trial,1,,,,False,,0.5635155289254036,0.598620232519602,3,7568,0,2242,LOOPY_scoring_duration_nonsocial,Nonsocial Duration,14403,#c5f379,14397
119,StealingParadigm_2023_02_01_VS_Jay2,1103.5833333333333,66215,1130.4833333333333,67829.0,Jay2,latency_first_choice,latency,,,,False,,0.5775050803701475,0.5915818484697838,3,7568,0,2242,LOOPY_scoring_duration_nonsocial,Nonsocial Duration,14408,#9279f3,14398
120,StealingParadigm_2023_02_01_VS_Jay2,1130.5,67830,,,Jay2,first_choice,transparent,,,,True,,0.591590570135273,0.591590570135273,3,7568,0,2242,LOOPY_scoring_event_nonsocial,Nonsocial Event,14401,#79f398,14396
121,StealingParadigm_2023_02_01_VS_Jay2,1130.5,67830,1141.1166666666666,68467.0,Jay2,latency_first_choice,latency_to_2nd_choice,,,,False,,0.591590570135273,0.5971462710519201,3,7568,0,2242,LOOPY_scoring_duration_nonsocial,Nonsocial Duration,14409,#83f379,14398
122,StealingParadigm_2023_02_01_VS_Jay2,1181.0166666666667,70861,1337.7166666666667,80263.0,Jay2,trial,2,,,,False,,0.618025938233165,0.7000270371630166,3,7568,0,2242,LOOPY_scoring_duration_nonsocial,Nonsocial Duration,14404,#c5f379,14397
123,StealingParadigm_2023_02_01_VS_Jay2,1192.2333333333333,71534,1302.6666666666667,78160.0,Jay2,latency_first_choice,latency,,,,False,,0.6238956191074247,0.6816853746391411,3,7568,0,2242,LOOPY_scoring_duration_nonsocial,Nonsocial Duration,14408,#9279f3,14398
124,StealingParadigm_2023_02_01_VS_Jay2,1304.3666666666666,78262,1336.35,80181.0,Jay2,latency_first_choice,latency_to_2nd_choice,,,,False,,0.6825749845190437,0.6993118605928988,3,7568,0,2242,LOOPY_scoring_duration_nonsocial,Nonsocial Duration,14409,#83f379,14398
125,StealingParadigm_2023_02_01_VS_Jay2,1305.6166666666666,78337,,,Jay2,first_choice,transparent,,,,True,,0.6832291094307369,0.6832291094307369,3,7568,0,2242,LOOPY_scoring_event_nonsocial,Nonsocial Event,14401,#79f398,14396
126,StealingParadigm_2023_02_01_VS_Jay2,1655.2333333333333,99314,1796.0666666666666,107764.0,Jay2,trial,3,,,,False,,0.8661834863985627,0.9398815597826561,3,7568,0,2242,LOOPY_scoring_duration_nonsocial,Nonsocial Duration,14405,#c5f379,14397
127,StealingParadigm_2023_02_01_VS_Jay2,1682.9166666666667,100975,1757.25,105435.0,Jay2,latency_first_choice,latency,,,,False,,0.8806701727761933,0.9195688008582119,3,7568,0,2242,LOOPY_scoring_duration_nonsocial,Nonsocial Duration,14408,#9279f3,14398
128,StealingParadigm_2023_02_01_VS_Jay2,1758.85,105531,,,Jay2,first_choice,opaque,,,,True,,0.920406080745179,0.920406080745179,3,7568,0,2242,LOOPY_scoring_event_nonsocial,Nonsocial Event,14400,#bb79f3,14396
129,StealingParadigm_2023_02_01_VS_Jay2,1759.7333333333333,105584,1768.35,106101.0,Jay2,latency_first_choice,latency_to_2nd_choice,,,,False,,0.9208683290161089,0.9253774300740469,3,7568,0,2242,LOOPY_scoring_duration_nonsocial,Nonsocial Duration,14409,#83f379,14398
130,StealingParadigm_2023_02_01_VS_Jay2,1796.0666666666666,107764,1903.0666666666666,114184.0,Jay2,trial,4,,,,False,,0.9398815597826561,0.9958746522235886,3,7568,0,2242,LOOPY_scoring_duration_nonsocial,Nonsocial Duration,14406,#c5f379,14397
131,StealingParadigm_2023_02_01_VS_Jay2,1816.35,108981,1896.75,113805.0,Jay2,latency_first_choice,latency,,,,False,,0.9504958266830634,0.992569141003166,3,7568,0,2242,LOOPY_scoring_duration_nonsocial,Nonsocial Duration,14408,#9279f3,14398
132,StealingParadigm_2023_02_01_VS_Jay2,1897.8666666666666,113872,,,Jay2,first_choice,transparent,,,,True,,0.9931534925909452,0.9931534925909452,3,7568,0,2242,LOOPY_scoring_event_nonsocial,Nonsocial Event,14401,#79f398,14396
133,StealingParadigm_2023_02_01_VS_Jay2,1898.35,113901,1901.3666666666666,114082.0,Jay2,latency_first_choice,latency_to_2nd_choice,,,,False,,0.9934064208901332,0.9949850423436859,3,7568,0,2242,LOOPY_scoring_duration_nonsocial,Nonsocial Duration,14409,#83f379,14398
134,StealingParadigm_2023_02_21_VS_Kira16,658.0666666666667,39484,700.1666666666666,42010.0,Kira,trial,1,,,,False,,0.6037308868501529,0.6423547400611621,3,7569,0,2243,LOOPY_scoring_duration_nonsocial,Nonsocial Duration,14403,#c5f379,14397
135,StealingParadigm_2023_02_21_VS_Kira16,686.95,41217,689.6666666666666,41380.0,Kira,latency_first_choice,latency,,,,False,,0.6302293577981651,0.6327217125382263,3,7569,0,2243,LOOPY_scoring_duration_nonsocial,Nonsocial Duration,14408,#9279f3,14398
136,StealingParadigm_2023_02_21_VS_Kira16,690.6333333333333,41438,,,Kira,first_choice,transparent,,,,True,,0.6336085626911315,0.6336085626911315,3,7569,0,2243,LOOPY_scoring_event_nonsocial,Nonsocial Event,14401,#79f398,14396
137,StealingParadigm_2023_02_21_VS_Kira16,691.05,41463,696.35,41781.0,Kira,latency_first_choice,latency_to_2nd_choice,,,,False,,0.6339908256880734,0.6388532110091744,3,7569,0,2243,LOOPY_scoring_duration_nonsocial,Nonsocial Duration,14409,#83f379,14398
138,StealingParadigm_2023_02_21_VS_Kira16,737.2166666666667,44233,767.2833333333333,46037.0,Kira,trial,2,,,,False,,0.6763455657492354,0.7039296636085627,3,7569,0,2243,LOOPY_scoring_duration_nonsocial,Nonsocial Duration,14404,#c5f379,14397
139,StealingParadigm_2023_02_21_VS_Kira16,759.95,45597,762.0333333333333,45722.0,Kira,latency_first_choice,latency,,,,False,,0.6972018348623853,0.6991131498470948,3,7569,0,2243,LOOPY_scoring_duration_nonsocial,Nonsocial Duration,14408,#9279f3,14398
140,StealingParadigm_2023_02_21_VS_Kira16,762.5333333333333,45752,765.2333333333333,45914.0,Kira,latency_first_choice,latency_to_2nd_choice,,,,False,,0.6995718654434251,0.7020489296636085,3,7569,0,2243,LOOPY_scoring_duration_nonsocial,Nonsocial Duration,14409,#83f379,14398
141,StealingParadigm_2023_02_21_VS_Kira16,764.05,45843,,,Kira,first_choice,opaque,,,,True,,0.7009633027522936,0.7009633027522936,3,7569,0,2243,LOOPY_scoring_event_nonsocial,Nonsocial Event,14400,#bb79f3,14396
142,StealingParadigm_2023_02_21_VS_Kira16,948.7666666666667,56926,985.55,59133.0,Kira,trial,3,,,,False,,0.870428134556575,0.9041743119266055,3,7569,0,2243,LOOPY_scoring_duration_nonsocial,Nonsocial Duration,14405,#c5f379,14397
143,StealingParadigm_2023_02_21_VS_Kira16,969.75,58185,979.5,58770.0,Kira,latency_first_choice,latency,,,,False,,0.8896788990825688,0.8986238532110091,3,7569,0,2243,LOOPY_scoring_duration_nonsocial,Nonsocial Duration,14408,#9279f3,14398
144,StealingParadigm_2023_02_21_VS_Kira16,980.1666666666666,58810,983.2666666666667,58996.0,Kira,latency_first_choice,latency_to_2nd_choice,,,,False,,0.8992354740061163,0.9020795107033639,3,7569,0,2243,LOOPY_scoring_duration_nonsocial,Nonsocial Duration,14409,#83f379,14398
145,StealingParadigm_2023_02_21_VS_Kira16,982.2333333333333,58934,,,Kira,first_choice,transparent,,,,True,,0.901131498470948,0.901131498470948,3,7569,0,2243,LOOPY_scoring_event_nonsocial,Nonsocial Event,14401,#79f398,14396
146,StealingParadigm_2023_02_21_VS_Kira16,1019.8833333333333,61193,1051.8833333333334,63113.0,Kira,trial,4,,,,False,,0.9356727828746177,0.9650305810397554,3,7569,0,2243,LOOPY_scoring_duration_nonsocial,Nonsocial Duration,14406,#c5f379,14397
147,StealingParadigm_2023_02_21_VS_Kira16,1037.5166666666667,62251,1041.25,62475.0,Kira,latency_first_choice,latency,,,,False,,0.9518501529051988,0.9552752293577982,3,7569,0,2243,LOOPY_scoring_duration_nonsocial,Nonsocial Duration,14408,#9279f3,14398
148,StealingParadigm_2023_02_21_VS_Kira16,1042.2166666666667,62533,1044.95,62697.0,Kira,latency_first_choice,latency_to_2nd_choice,,,,False,,0.9561620795107033,0.9586697247706422,3,7569,0,2243,LOOPY_scoring_duration_nonsocial,Nonsocial Duration,14409,#83f379,14398
149,StealingParadigm_2023_02_21_VS_Kira16,1042.8166666666666,62569,,,Kira,first_choice,opaque,,,,True,,0.9567125382262996,0.9567125382262996,3,7569,0,2243,LOOPY_scoring_event_nonsocial,Nonsocial Event,14400,#bb79f3,14396
150,StealingParadigm_2023_02_21_VS_Yuki5,781.35,46881,824.05,49443.0,Yuki5,trial,1,,,,False,,0.645201690040049,0.6804613203781946,3,7570,0,2244,LOOPY_scoring_duration_nonsocial,Nonsocial Duration,14403,#c5f379,14397
151,StealingParadigm_2023_02_21_VS_Yuki5,804.9166666666666,48295,813.8666666666667,48832.0,Yuki5,latency_first_choice,latency,,,,False,,0.6646619231774955,0.6720524077565682,3,7570,0,2244,LOOPY_scoring_duration_nonsocial,Nonsocial Duration,14408,#9279f3,14398
152,StealingParadigm_2023_02_21_VS_Yuki5,814.75,48885,821.0166666666667,49261.0,Yuki5,latency_first_choice,latency_to_2nd_choice,,,,False,,0.6727818224356945,0.677956537895157,3,7570,0,2244,LOOPY_scoring_duration_nonsocial,Nonsocial Duration,14409,#83f379,14398
153,StealingParadigm_2023_02_21_VS_Yuki5,816.6833333333333,49001,,,Yuki5,first_choice,opaque,,,,True,,0.6743782772051031,0.6743782772051031,3,7570,0,2244,LOOPY_scoring_event_nonsocial,Nonsocial Event,14400,#bb79f3,14396
154,StealingParadigm_2023_02_21_VS_Yuki5,859.9333333333333,51596,892.8833333333333,53573.0,Yuki5,trial,2,,,,False,,0.7100920714000634,0.7373006151855879,3,7570,0,2244,LOOPY_scoring_duration_nonsocial,Nonsocial Duration,14404,#c5f379,14397
155,StealingParadigm_2023_02_21_VS_Yuki5,875.8666666666667,52552,883.8833333333333,53033.0,Yuki5,latency_first_choice,latency,,,,False,,0.7232490607065689,0.7298688429831685,3,7570,0,2244,LOOPY_scoring_duration_nonsocial,Nonsocial Duration,14408,#9279f3,14398
156,StealingParadigm_2023_02_21_VS_Yuki5,884.7,53082,889.7666666666667,53386.0,Yuki5,latency_first_choice,latency_to_2nd_choice,,,,False,,0.7305432074978324,0.7347270199969722,3,7570,0,2244,LOOPY_scoring_duration_nonsocial,Nonsocial Duration,14409,#83f379,14398
157,StealingParadigm_2023_02_21_VS_Yuki5,885.5833333333334,53135,,,Yuki5,first_choice,transparent,,,,True,,0.7312726221769588,0.7312726221769588,3,7570,0,2244,LOOPY_scoring_event_nonsocial,Nonsocial Event,14401,#79f398,14396
158,StealingParadigm_2023_02_21_VS_Yuki5,1067.8666666666666,64072,1106.5,66390.0,Yuki5,trial,3,,,,False,,0.8817935343581839,0.9136951046641252,3,7570,0,2244,LOOPY_scoring_duration_nonsocial,Nonsocial Duration,14405,#c5f379,14397
159,StealingParadigm_2023_02_21_VS_Yuki5,1095.8,65748,1098.0833333333333,65885.0,Yuki5,latency_first_choice,latency,,,,False,,0.9048595532679153,0.9067450214007514,3,7570,0,2244,LOOPY_scoring_duration_nonsocial,Nonsocial Duration,14408,#9279f3,14398
160,StealingParadigm_2023_02_21_VS_Yuki5,1100.0833333333333,66005,1102.4166666666667,66145.0,Yuki5,latency_first_choice,latency_to_2nd_choice,,,,False,,0.9083965263346224,0.9103232820908053,3,7570,0,2244,LOOPY_scoring_duration_nonsocial,Nonsocial Duration,14409,#83f379,14398
161,StealingParadigm_2023_02_21_VS_Yuki5,1103.1833333333334,66191,,,Yuki5,first_choice,opaque,,,,True,,0.9109563589821225,0.9109563589821225,3,7570,0,2244,LOOPY_scoring_event_nonsocial,Nonsocial Event,14400,#bb79f3,14396
162,StealingParadigm_2023_02_21_VS_Yuki5,1136.5,68190,1166.5333333333333,69992.0,Yuki5,trial,4,,,,False,,0.93846767867219,0.9632677777624861,3,7570,0,2244,LOOPY_scoring_duration_nonsocial,Nonsocial Duration,14406,#c5f379,14397
163,StealingParadigm_2023_02_21_VS_Yuki5,1156.8,69408,1159.3833333333334,69563.0,Yuki5,latency_first_choice,latency,,,,False,,0.9552304537509806,0.9573636476238973,3,7570,0,2244,LOOPY_scoring_duration_nonsocial,Nonsocial Duration,14408,#9279f3,14398
164,StealingParadigm_2023_02_21_VS_Yuki5,1160.7,69642,1164.1333333333334,69848.0,Yuki5,latency_first_choice,latency_to_2nd_choice,,,,False,,0.958450888372029,0.9612859718418408,3,7570,0,2244,LOOPY_scoring_duration_nonsocial,Nonsocial Duration,14409,#83f379,14398
165,StealingParadigm_2023_02_21_VS_Yuki5,1161.5333333333333,69692,,,Yuki5,first_choice,transparent,,,,True,,0.9591390154278086,0.9591390154278086,3,7570,0,2244,LOOPY_scoring_event_nonsocial,Nonsocial Event,14401,#79f398,14396
166,StealingParadigm_2023_02_24_VS_Sammy11,817.7166666666667,49063,857.1333333333333,51428.0,Sammy11,trial,1,,,,False,,0.6856492027334852,0.7186997777995164,3,7571,0,2245,LOOPY_scoring_duration_nonsocial,Nonsocial Duration,14403,#c5f379,14397
167,StealingParadigm_2023_02_24_VS_Sammy11,846.05,50763,853.05,51183.0,Sammy11,latency_first_choice,latency,,,,False,,0.7094064871361292,0.7152759338709002,3,7571,0,2245,LOOPY_scoring_duration_nonsocial,Nonsocial Duration,14408,#9279f3,14398
168,StealingParadigm_2023_02_24_VS_Sammy11,853.2333333333333,51194,,,Sammy11,first_choice,opaque,,,,True,,0.7154296574758584,0.7154296574758584,3,7571,0,2245,LOOPY_scoring_event_nonsocial,Nonsocial Event,14400,#bb79f3,14396
169,StealingParadigm_2023_02_24_VS_Sammy11,853.2333333333333,51194,854.65,51279.0,Sammy11,latency_first_choice,latency_to_2nd_choice,,,,False,,0.7154296574758584,0.7166175216959906,3,7571,0,2245,LOOPY_scoring_duration_nonsocial,Nonsocial Duration,14409,#83f379,14398
170,StealingParadigm_2023_02_24_VS_Sammy11,875.05,52503,896.8166666666667,53809.0,Sammy11,trial,2,,,,False,,0.7337227664658943,0.7519739508363962,3,7571,0,2245,LOOPY_scoring_duration_nonsocial,Nonsocial Duration,14404,#c5f379,14397
171,StealingParadigm_2023_02_24_VS_Sammy11,893.6833333333333,53621,894.7666666666667,53686.0,Sammy11,latency_first_choice,latency,,,,False,,0.7493466746789272,0.7502550414354989,3,7571,0,2245,LOOPY_scoring_duration_nonsocial,Nonsocial Duration,14408,#9279f3,14398
172,StealingParadigm_2023_02_24_VS_Sammy11,895.0166666666667,53701,896.3833333333333,53783.0,Sammy11,latency_first_choice,latency_to_2nd_choice,,,,False,,0.7504646645331694,0.7516106041337675,3,7571,0,2245,LOOPY_scoring_duration_nonsocial,Nonsocial Duration,14409,#83f379,14398
173,StealingParadigm_2023_02_24_VS_Sammy11,895.15,53709,,,Sammy11,first_choice,opaque,,,,True,,0.7505764635185935,0.7505764635185935,3,7571,0,2245,LOOPY_scoring_event_nonsocial,Nonsocial Event,14400,#bb79f3,14396
174,StealingParadigm_2023_02_24_VS_Sammy11,1094.9833333333333,65699,1146.8666666666666,68812.0,Sammy11,trial,3,,,,False,,0.9181351929231242,0.9616389731263189,3,7571,0,2245,LOOPY_scoring_duration_nonsocial,Nonsocial Duration,14405,#c5f379,14397
175,StealingParadigm_2023_02_24_VS_Sammy11,1116.2333333333333,66974,1122.65,67359.0,Sammy11,latency_first_choice,latency,,,,False,,0.9359531562251072,0.9413334823986472,3,7571,0,2245,LOOPY_scoring_duration_nonsocial,Nonsocial Duration,14408,#9279f3,14398
176,StealingParadigm_2023_02_24_VS_Sammy11,1122.8,67368,,,Sammy11,first_choice,opaque,,,,True,,0.9414592562572495,0.9414592562572495,3,7571,0,2245,LOOPY_scoring_event_nonsocial,Nonsocial Event,14400,#bb79f3,14396
177,StealingParadigm_2023_02_24_VS_Sammy11,1123.1,67386,1124.3333333333333,67460.0,Sammy11,latency_first_choice,latency_to_2nd_choice,,,,False,,0.941710803974454,0.9427449445896279,3,7571,0,2245,LOOPY_scoring_duration_nonsocial,Nonsocial Duration,14409,#83f379,14398
178,StealingParadigm_2023_02_24_VS_Sammy11,1146.8666666666666,68812,1169.2666666666667,70156.0,Sammy11,trial,4,,,,False,,0.9616389731263189,0.9804212026775857,3,7571,0,2245,LOOPY_scoring_duration_nonsocial,Nonsocial Duration,14406,#c5f379,14397
179,StealingParadigm_2023_02_24_VS_Sammy11,1163.1,69786,1164.3,69858.0,Sammy11,latency_first_choice,latency,,,,False,,0.9752504996017162,0.976256690470534,3,7571,0,2245,LOOPY_scoring_duration_nonsocial,Nonsocial Duration,14408,#9279f3,14398
180,StealingParadigm_2023_02_24_VS_Sammy11,1164.7333333333333,69884,1166.2666666666667,69976.0,Sammy11,latency_first_choice,latency_to_2nd_choice,,,,False,,0.9766200371731627,0.977905725505541,3,7571,0,2245,LOOPY_scoring_duration_nonsocial,Nonsocial Duration,14409,#83f379,14398
181,StealingParadigm_2023_02_24_VS_Sammy11,1167.1,70026,,,Sammy11,first_choice,opaque,,,,True,,0.9786044691644423,0.9786044691644423,3,7571,0,2245,LOOPY_scoring_event_nonsocial,Nonsocial Event,14400,#bb79f3,14396
182,StealingParadigm_2023_02_22_VS_Sophi,1959.3327745224105,117560,2011.199426396464,120672.0,Sophi,trial,1,,,,False,,0.812815885724558,0.8343324137644936,3,7572,0,2246,LOOPY_scoring_duration_nonsocial,Nonsocial Duration,14403,#c5f379,14397
183,StealingParadigm_2023_02_22_VS_Sophi,1975.1827700019173,118511,1983.1827677202805,118991.0,Sophi,latency_first_choice,latency,,,,False,,0.8193911486313635,0.8227098933161865,3,7572,0,2246,LOOPY_scoring_duration_nonsocial,Nonsocial Duration,14408,#9279f3,14398
184,StealingParadigm_2023_02_22_VS_Sophi,1984.0161008159432,119041,,,Sophi,first_choice,opaque,,,,True,,0.8230555958875222,0.8230555958875222,3,7572,0,2246,LOOPY_scoring_event_nonsocial,Nonsocial Event,14400,#bb79f3,14396
185,StealingParadigm_2023_02_22_VS_Sophi,1984.1661007731625,119050,2005.6827613031764,120341.0,Sophi,latency_first_choice,latency_to_2nd_choice,,,,False,,0.8231178223503627,0.8320438627422511,3,7572,0,2246,LOOPY_scoring_duration_nonsocial,Nonsocial Duration,14409,#83f379,14398
186,StealingParadigm_2023_02_22_VS_Sophi,2038.549418596118,122313,2080.116073407779,124807.0,Sophi,trial,2,,,,False,,0.845678372155732,0.862922016413958,3,7572,0,2246,LOOPY_scoring_duration_nonsocial,Nonsocial Duration,14404,#c5f379,14397
187,StealingParadigm_2023_02_22_VS_Sophi,2059.5160792829943,123571,2066.332744005516,123980.0,Sophi,latency_first_choice,latency,,,,False,,0.854376248850539,0.8572040958840652,3,7572,0,2246,LOOPY_scoring_duration_nonsocial,Nonsocial Duration,14408,#9279f3,14398
188,StealingParadigm_2023_02_22_VS_Sophi,2067.499410339444,124050,,,Sophi,first_choice,opaque,,,,True,,0.8576880794839352,0.8576880794839352,3,7572,0,2246,LOOPY_scoring_event_nonsocial,Nonsocial Event,14400,#bb79f3,14396
189,StealingParadigm_2023_02_22_VS_Sophi,2068.3160767731933,124099,2077.2494075586987,124635.0,Sophi,latency_first_choice,latency_to_2nd_choice,,,,False,,0.8580268680038442,0.8617327995685632,3,7572,0,2246,LOOPY_scoring_duration_nonsocial,Nonsocial Duration,14409,#83f379,14398
190,StealingParadigm_2023_02_22_VS_Sophi,2292.5993461398834,137556,2343.432664975315,140606.0,Sophi,trial,3,,,,False,,0.9510692580531414,0.9721571149046206,3,7572,0,2246,LOOPY_scoring_duration_nonsocial,Nonsocial Duration,14405,#c5f379,14397
191,StealingParadigm_2023_02_22_VS_Sophi,2315.832672846963,138950,2321.2660046306846,139276.0,Sophi,latency_first_choice,latency,,,,False,,0.9607074457419814,0.9629614265070904,3,7572,0,2246,LOOPY_scoring_duration_nonsocial,Nonsocial Duration,14408,#9279f3,14398
192,StealingParadigm_2023_02_22_VS_Sophi,2321.9660044310413,139318,2339.882665987792,140393.0,Sophi,latency_first_choice,latency_to_2nd_choice,,,,False,,0.9632518166670123,0.9706844219507305,3,7572,0,2246,LOOPY_scoring_duration_nonsocial,Nonsocial Duration,14409,#83f379,14398
193,StealingParadigm_2023_02_22_VS_Sophi,2323.1660040887955,139390,,,Sophi,first_choice,transparent,,,,True,,0.9637496283697358,0.9637496283697358,3,7572,0,2246,LOOPY_scoring_event_nonsocial,Nonsocial Event,14401,#79f398,14396
194,StealingParadigm_2023_02_22_VS_Sophi,2374.8659893437166,142492,2410.1159792902536,144607.0,Sophi,trial,4,,,,False,,0.9851970158954042,0.9998202346629054,3,7572,0,2246,LOOPY_scoring_duration_nonsocial,Nonsocial Duration,14406,#c5f379,14397
195,StealingParadigm_2023_02_22_VS_Sophi,2393.8326506010026,143630,2398.0659827269697,143884.0,Sophi,latency_first_choice,latency,,,,False,,0.9930652064190053,0.9948213754813908,3,7572,0,2246,LOOPY_scoring_duration_nonsocial,Nonsocial Duration,14408,#9279f3,14398
196,StealingParadigm_2023_02_22_VS_Sophi,2399.532648975336,143972,2407.5826466794388,144455.0,Sophi,latency_first_choice,latency_to_2nd_choice,,,,False,,0.9954298120069417,0.9987692988460448,3,7572,0,2246,LOOPY_scoring_duration_nonsocial,Nonsocial Duration,14409,#83f379,14398
197,StealingParadigm_2023_02_22_VS_Sophi,2400.099315480387,144006,,,Sophi,first_choice,transparent,,,,True,,0.99566488975545,0.99566488975545,3,7572,0,2246,LOOPY_scoring_event_nonsocial,Nonsocial Event,14401,#79f398,14396
198,StealingParadigm_2022_12_13_VS_Maggy5,1097.34948390469,65841,1149.2661261543992,68956.0,Maggy5,trial,1,,,,False,,0.7506840881105487,0.7861996625165322,3,7573,0,2247,LOOPY_scoring_duration_nonsocial,Nonsocial Duration,14403,#c5f379,14397
199,StealingParadigm_2022_12_13_VS_Maggy5,1119.4661401696544,67168,1122.0161389703626,67321.0,Maggy5,latency_first_choice,latency,,,,False,,0.7658138368221827,0.7675582615040817,3,7573,0,2247,LOOPY_scoring_duration_nonsocial,Nonsocial Duration,14408,#9279f3,14398
200,StealingParadigm_2022_12_13_VS_Maggy5,1123.5161382648967,67411,1147.5494602950992,68853.0,Maggy5,latency_first_choice,latency_to_2nd_choice,,,,False,,0.7685843936699047,0.7850253112600903,3,7573,0,2247,LOOPY_scoring_duration_nonsocial,Nonsocial Duration,14409,#83f379,14398
201,StealingParadigm_2022_12_13_VS_Maggy5,1123.5828049002093,67415,,,Maggy5,first_choice,opaque,,,,True,,0.7686299995439413,0.7686299995439413,3,7573,0,2247,LOOPY_scoring_event_nonsocial,Nonsocial Event,14400,#bb79f3,14396
202,StealingParadigm_2022_12_13_VS_Maggy5,1166.1327848884944,69968,1194.0661050844856,71644.0,Maggy5,trial,2,,,,False,,0.7977379486477858,0.8168468098691112,3,7573,0,2247,LOOPY_scoring_duration_nonsocial,Nonsocial Duration,14404,#c5f379,14397
203,StealingParadigm_2022_12_13_VS_Maggy5,1183.4494434109495,71007,1186.4327753411897,71186.0,Maggy5,latency_first_choice,latency,,,,False,,0.8095840744287864,0.8116249372919232,3,7573,0,2247,LOOPY_scoring_duration_nonsocial,Nonsocial Duration,14408,#9279f3,14398
204,StealingParadigm_2022_12_13_VS_Maggy5,1187.0661083766595,71224,1192.3494392251853,71541.0,Maggy5,latency_first_choice,latency_to_2nd_choice,,,,False,,0.8120581930952707,0.8156724586126693,3,7573,0,2247,LOOPY_scoring_duration_nonsocial,Nonsocial Duration,14409,#83f379,14398
205,StealingParadigm_2022_12_13_VS_Maggy5,1187.9161079768955,71275,,,Maggy5,first_choice,opaque,,,,True,,0.812639667989237,0.812639667989237,3,7573,0,2247,LOOPY_scoring_event_nonsocial,Nonsocial Event,14400,#bb79f3,14396
206,StealingParadigm_2022_12_13_VS_Maggy5,1372.799354357642,82368,1395.7660102228424,83746.0,Maggy5,trial,3,,,,False,,0.9391161581611711,0.9548273817667715,3,7573,0,2247,LOOPY_scoring_duration_nonsocial,Nonsocial Duration,14405,#c5f379,14397
207,StealingParadigm_2022_12_13_VS_Maggy5,1387.3993474911076,83244,1390.216012833066,83413.0,Maggy5,latency_first_choice,latency,,,,False,,0.9491038445751813,0.9510306927532266,3,7573,0,2247,LOOPY_scoring_duration_nonsocial,Nonsocial Duration,14408,#9279f3,14398
208,StealingParadigm_2022_12_13_VS_Maggy5,1391.0326791156458,83462,1394.232677610652,83654.0,Maggy5,latency_first_choice,latency_to_2nd_choice,,,,False,,0.9515893647101746,0.9537784466639303,3,7573,0,2247,LOOPY_scoring_duration_nonsocial,Nonsocial Duration,14409,#83f379,14398
209,StealingParadigm_2022_12_13_VS_Maggy5,1392.1660119159606,83530,,,Maggy5,first_choice,transparent,,,,True,,0.9523646645687964,0.9523646645687964,3,7573,0,2247,LOOPY_scoring_event_nonsocial,Nonsocial Event,14401,#79f398,14396
210,StealingParadigm_2022_12_13_VS_Maggy5,1421.8326646300802,85310,1442.3493216475415,86541.0,Maggy5,trial,4,,,,False,,0.9726592785150727,0.986694486249829,3,7573,0,2247,LOOPY_scoring_duration_nonsocial,Nonsocial Duration,14406,#c5f379,14397
211,StealingParadigm_2022_12_13_VS_Maggy5,1434.665991927761,86080,1437.7326571521419,86264.0,Maggy5,latency_first_choice,latency,,,,False,,0.9814384092671136,0.9835362794727961,3,7573,0,2247,LOOPY_scoring_duration_nonsocial,Nonsocial Duration,14408,#9279f3,14398
212,StealingParadigm_2022_12_13_VS_Maggy5,1438.4326568229246,86306,1440.9993222824608,86460.0,Maggy5,latency_first_choice,latency_to_2nd_choice,,,,False,,0.9840151411501802,0.9857709673005883,3,7573,0,2247,LOOPY_scoring_duration_nonsocial,Nonsocial Duration,14409,#83f379,14398
213,StealingParadigm_2022_12_13_VS_Maggy5,1439.5826562820673,86375,,,Maggy5,first_choice,transparent,,,,True,,0.9848018424773111,0.9848018424773111,3,7573,0,2247,LOOPY_scoring_event_nonsocial,Nonsocial Event,14401,#79f398,14396
214,StealingParadigm_2022_12_01_VS_Django2,690.149599528929,41409,723.5829134620119,43415.0,Django2,trial,1,,,,False,,0.5825033760972316,0.6107219221246906,3,7574,0,2248,LOOPY_scoring_duration_nonsocial,Nonsocial Duration,14403,#c5f379,14397
215,StealingParadigm_2022_12_01_VS_Django2,716.3829176399323,42983,718.8495828752743,43131.0,Django2,latency_first_choice,latency,,,,False,,0.60464494710781,0.6067268737339635,3,7574,0,2248,LOOPY_scoring_duration_nonsocial,Nonsocial Duration,14408,#9279f3,14398
216,StealingParadigm_2022_12_01_VS_Django2,719.01624944523,43141,721.182914854652,43271.0,Django2,latency_first_choice,latency_to_2nd_choice,,,,False,,0.6068675444519469,0.6086962637857304,3,7574,0,2248,LOOPY_scoring_duration_nonsocial,Nonsocial Duration,14409,#83f379,14398
217,StealingParadigm_2022_12_01_VS_Django2,719.049582759221,43143,,,Django2,first_choice,opaque,,,,True,,0.6068956785955435,0.6068956785955435,3,7574,0,2248,LOOPY_scoring_event_nonsocial,Nonsocial Event,14400,#bb79f3,14396
218,StealingParadigm_2022_12_01_VS_Django2,747.1162331397353,44827,777.3995489006584,46644.0,Django2,trial,2,,,,False,,0.6305846275039387,0.6561444969615124,3,7574,0,2248,LOOPY_scoring_duration_nonsocial,Nonsocial Duration,14404,#c5f379,14397
219,StealingParadigm_2022_12_01_VS_Django2,766.0995554576723,45966,767.9995543551655,46080.0,Django2,latency_first_choice,latency,,,,False,,0.6466070222822418,0.6482106684672518,3,7574,0,2248,LOOPY_scoring_duration_nonsocial,Nonsocial Duration,14408,#9279f3,14398
220,StealingParadigm_2022_12_01_VS_Django2,768.5162207220277,46111,774.4995505834319,46470.0,Django2,latency_first_choice,latency_to_2nd_choice,,,,False,,0.6486467476930002,0.6536968264686023,3,7574,0,2248,LOOPY_scoring_duration_nonsocial,Nonsocial Duration,14409,#83f379,14398
221,StealingParadigm_2022_12_01_VS_Django2,773.0495514248187,46383,,,Django2,first_choice,opaque,,,,True,,0.6524729912221472,0.6524729912221472,3,7574,0,2248,LOOPY_scoring_event_nonsocial,Nonsocial Event,14400,#bb79f3,14396
222,StealingParadigm_2022_12_01_VS_Django2,939.7661213513534,56386,960.4994426538235,57630.0,Django2,trial,3,,,,False,,0.7931859104208868,0.8106853477380148,3,7574,0,2248,LOOPY_scoring_duration_nonsocial,Nonsocial Duration,14405,#c5f379,14397
223,StealingParadigm_2022_12_01_VS_Django2,949.7661155486862,56986,952.2994474120105,57138.0,Django2,latency_first_choice,latency,,,,False,,0.8016261534998874,0.8037643484132343,3,7574,0,2248,LOOPY_scoring_duration_nonsocial,Nonsocial Duration,14408,#9279f3,14398
224,StealingParadigm_2022_12_01_VS_Django2,952.6327805519217,57158,954.6494460483838,57279.0,Django2,latency_first_choice,latency_to_2nd_choice,,,,False,,0.804045689849201,0.8057478055367995,3,7574,0,2248,LOOPY_scoring_duration_nonsocial,Nonsocial Duration,14409,#83f379,14398
225,StealingParadigm_2022_12_01_VS_Django2,956.6827782018415,57401,,,Django2,first_choice,opaque,,,,True,,0.8074639882961963,0.8074639882961963,3,7574,0,2248,LOOPY_scoring_event_nonsocial,Nonsocial Event,14400,#bb79f3,14396
226,StealingParadigm_2022_12_01_VS_Django2,976.0827669446672,58565,1019.816074901003,61189.0,Django2,trial,4,,,,False,,0.8238380598694576,0.8607500562682872,3,7574,0,2248,LOOPY_scoring_duration_nonsocial,Nonsocial Duration,14406,#c5f379,14397
227,StealingParadigm_2022_12_01_VS_Django2,990.2160920768978,59413,1012.9160789048434,60775.0,Django2,latency_first_choice,latency,,,,False,,0.8357669367544452,0.8549262885437767,3,7574,0,2248,LOOPY_scoring_duration_nonsocial,Nonsocial Duration,14408,#9279f3,14398
228,StealingParadigm_2022_12_01_VS_Django2,1013.7494117546212,60825,1015.8494105360611,60951.0,Django2,latency_first_choice,latency_to_2nd_choice,,,,False,,0.8556296421336934,0.8574020931802836,3,7574,0,2248,LOOPY_scoring_duration_nonsocial,Nonsocial Duration,14409,#83f379,14398
229,StealingParadigm_2022_12_01_VS_Django2,1016.5994101008611,60996,,,Django2,first_choice,opaque,,,,True,,0.8580351114112087,0.8580351114112087,3,7574,0,2248,LOOPY_scoring_event_nonsocial,Nonsocial Event,14400,#bb79f3,14396
230,StealingParadigm_2022_11_22_VS_Sunny13,1006.4993231802716,60390,1056.8159560115555,63409.0,Sunny13,trial,1,,,,False,,0.6630070812976889,0.6961519459845199,3,7575,0,2249,LOOPY_scoring_duration_nonsocial,Nonsocial Duration,14403,#c5f379,14397
231,StealingParadigm_2022_11_22_VS_Sunny13,1028.5826416636937,61715,1042.482632316655,62549.0,Sunny13,latency_first_choice,latency,,,,False,,0.6775539331393753,0.6867102157325575,3,7575,0,2249,LOOPY_scoring_duration_nonsocial,Nonsocial Duration,14408,#9279f3,14398
232,StealingParadigm_2022_11_22_VS_Sunny13,1041.2826331235938,62477,,,Sunny13,first_choice,opaque,,,,True,,0.6859197452928584,0.6859197452928584,3,7575,0,2249,LOOPY_scoring_event_nonsocial,Nonsocial Event,14400,#bb79f3,14396
233,StealingParadigm_2022_11_22_VS_Sunny13,1096.2325961725317,65774,1139.6325669882533,68378.0,Sunny13,trial,2,,,,False,,0.7221167041774167,0.7507053850798705,3,7575,0,2249,LOOPY_scoring_duration_nonsocial,Nonsocial Duration,14404,#c5f379,14397
234,StealingParadigm_2022_11_22_VS_Sunny13,1118.2825813450354,67097,1135.332569879783,68120.0,Sunny13,latency_first_choice,latency,,,,False,,0.7366415985068892,0.7478728660042817,3,7575,0,2249,LOOPY_scoring_duration_nonsocial,Nonsocial Duration,14408,#9279f3,14398
235,StealingParadigm_2022_11_22_VS_Sunny13,1136.9492354593242,68217,,,Sunny13,first_choice,opaque,,,,True,,0.7489378053466542,0.7489378053466542,3,7575,0,2249,LOOPY_scoring_event_nonsocial,Nonsocial Event,14400,#bb79f3,14396
236,StealingParadigm_2022_11_22_VS_Sunny13,1429.4157054571285,85765,1465.4990145262673,87930.0,Sunny13,trial,3,,,,False,,0.941593017511116,0.9653620244826261,3,7575,0,2249,LOOPY_scoring_duration_nonsocial,Nonsocial Duration,14405,#c5f379,14397
237,StealingParadigm_2022_11_22_VS_Sunny13,1454.0990221921838,87246,1456.899020309327,87414.0,Sunny13,latency_first_choice,latency,,,,False,,0.9578525553054839,0.9596969863314486,3,7575,0,2249,LOOPY_scoring_duration_nonsocial,Nonsocial Duration,14408,#9279f3,14398
238,StealingParadigm_2022_11_22_VS_Sunny13,1458.1156861578477,87487,,,Sunny13,first_choice,transparent,,,,True,,0.9604984355272548,0.9604984355272548,3,7575,0,2249,LOOPY_scoring_event_nonsocial,Nonsocial Event,14401,#79f398,14396
239,StealingParadigm_2022_11_22_VS_Sunny13,1458.4656859224906,87508,1462.6323497872872,87758.0,Sunny13,latency_first_choice,latency_to_2nd_choice,,,,False,,0.9607289894055003,0.9634736784322336,3,7575,0,2249,LOOPY_scoring_duration_nonsocial,Nonsocial Duration,14409,#83f379,14398
240,StealingParadigm_2022_11_22_VS_Sunny13,1484.8490015143827,89091,1516.7323134078065,91004.0,Sunny13,trial,4,,,,False,,0.9781083603227755,0.9991107207553385,3,7575,0,2249,LOOPY_scoring_duration_nonsocial,Nonsocial Duration,14406,#c5f379,14397
241,StealingParadigm_2022_11_22_VS_Sunny13,1507.4489863170397,90447,1509.3823183503052,90563.0,Sunny13,latency_first_choice,latency,,,,False,,0.9929955536037767,0.9942690893121809,3,7575,0,2249,LOOPY_scoring_duration_nonsocial,Nonsocial Duration,14408,#9279f3,14398
242,StealingParadigm_2022_11_22_VS_Sunny13,1511.048983896224,90663,1514.1156485007143,90847.0,Sunny13,latency_first_choice,latency_to_2nd_choice,,,,False,,0.9953669649228742,0.99738705604655,3,7575,0,2249,LOOPY_scoring_duration_nonsocial,Nonsocial Duration,14409,#83f379,14398
243,StealingParadigm_2022_11_22_VS_Sunny13,1511.8489833582648,90711,,,Sunny13,first_choice,opaque,,,,True,,0.995893945216007,0.995893945216007,3,7575,0,2249,LOOPY_scoring_event_nonsocial,Nonsocial Event,14400,#bb79f3,14396
244,StealingParadigm_2022_12_02_VS_Poppy3,909.3997734256837,54564,943.2497649920565,56595.0,Poppy3,trial,1,,,,False,,0.6397392456413924,0.6635518401707097,3,7576,0,2250,LOOPY_scoring_duration_nonsocial,Nonsocial Duration,14403,#c5f379,14397
245,StealingParadigm_2022_12_02_VS_Poppy3,929.8497683306268,55791,933.3664341211264,56002.0,Poppy3,latency_first_choice,latency,,,,False,,0.6541252887174497,0.6565991722456063,3,7576,0,2250,LOOPY_scoring_duration_nonsocial,Nonsocial Duration,14408,#9279f3,14398
246,StealingParadigm_2022_12_02_VS_Poppy3,933.9997672966666,56040,941.9664319784619,56518.0,Poppy3,latency_first_choice,latency_to_2nd_choice,,,,False,,0.6570447057720041,0.6626490485514298,3,7576,0,2250,LOOPY_scoring_duration_nonsocial,Nonsocial Duration,14409,#83f379,14398
247,StealingParadigm_2022_12_02_VS_Poppy3,935.2831003102613,56117,,,Poppy3,first_choice,transparent,,,,True,,0.657947497391284,0.657947497391284,3,7576,0,2250,LOOPY_scoring_event_nonsocial,Nonsocial Event,14401,#79f398,14396
248,StealingParadigm_2022_12_02_VS_Poppy3,996.0164185120644,59761,1023.4664116729782,61408.0,Poppy3,trial,2,,,,False,,0.700671817659542,0.7199821786589441,3,7576,0,2250,LOOPY_scoring_duration_nonsocial,Nonsocial Duration,14404,#c5f379,14397
249,StealingParadigm_2022_12_02_VS_Poppy3,1010.6830815245746,60641,1013.5997474645624,60816.0,Poppy3,latency_first_choice,latency,,,,False,,0.7109894361655977,0.7130412353003248,3,7576,0,2250,LOOPY_scoring_duration_nonsocial,Nonsocial Duration,14408,#9279f3,14398
250,StealingParadigm_2022_12_02_VS_Poppy3,1013.9997473649036,60840,1021.516412158815,61291.0,Poppy3,latency_first_choice,latency_to_2nd_choice,,,,False,,0.7133226248959444,0.718610404380298,3,7576,0,2250,LOOPY_scoring_duration_nonsocial,Nonsocial Duration,14409,#83f379,14398
251,StealingParadigm_2022_12_02_VS_Poppy3,1014.6830805279864,60881,,,Poppy3,first_choice,transparent,,,,True,,0.7138033321217948,0.7138033321217948,3,7576,0,2250,LOOPY_scoring_event_nonsocial,Nonsocial Event,14401,#79f398,14396
252,StealingParadigm_2022_12_02_VS_Poppy3,1321.9996706276158,79320,1354.3496625677092,81261.0,Poppy3,trial,3,,,,False,,0.929992613523115,0.9527499970688584,3,7576,0,2250,LOOPY_scoring_duration_nonsocial,Nonsocial Duration,14405,#c5f379,14397
253,StealingParadigm_2022_12_02_VS_Poppy3,1343.2663319957555,80596,1345.5663314227174,80734.0,Poppy3,latency_first_choice,latency,,,,False,,0.9449531603568958,0.946571150531709,3,7576,0,2250,LOOPY_scoring_duration_nonsocial,Nonsocial Duration,14408,#9279f3,14398
254,StealingParadigm_2022_12_02_VS_Poppy3,1346.2996645733429,80778,1352.5329963536597,81152.0,Poppy3,latency_first_choice,latency_to_2nd_choice,,,,False,,0.9470870314570119,0.9514720193220856,3,7576,0,2250,LOOPY_scoring_duration_nonsocial,Nonsocial Duration,14409,#83f379,14398
255,StealingParadigm_2022_12_02_VS_Poppy3,1348.6163306628189,80917,,,Poppy3,first_choice,transparent,,,,True,,0.9487167461983094,0.9487167461983094,3,7576,0,2250,LOOPY_scoring_event_nonsocial,Nonsocial Event,14401,#79f398,14396
256,StealingParadigm_2022_12_02_VS_Poppy3,1390.4829868985296,83429,1419.0163131228674,85141.0,Poppy3,trial,4,,,,False,,0.9781688572065048,0.9982413150273769,3,7576,0,2250,LOOPY_scoring_duration_nonsocial,Nonsocial Duration,14406,#c5f379,14397
257,StealingParadigm_2022_12_02_VS_Poppy3,1410.9996484535295,84660,1412.9829812927212,84779.0,Poppy3,latency_first_choice,latency,,,,False,,0.9926017985484986,0.993997021960113,3,7576,0,2250,LOOPY_scoring_duration_nonsocial,Nonsocial Duration,14408,#9279f3,14398
258,StealingParadigm_2022_12_02_VS_Poppy3,1413.9829810435742,84839,1417.7163134467585,85063.0,Poppy3,latency_first_choice,latency_to_2nd_choice,,,,False,,0.9947004959491623,0.9973267988416128,3,7576,0,2250,LOOPY_scoring_duration_nonsocial,Nonsocial Duration,14409,#83f379,14398
259,StealingParadigm_2022_12_02_VS_Poppy3,1415.2329807321403,84914,,,Poppy3,first_choice,transparent,,,,True,,0.9955798384354738,0.9955798384354738,3,7576,0,2250,LOOPY_scoring_event_nonsocial,Nonsocial Event,14401,#79f398,14396
260,StealingParadigm_2022_12_13_VS_Cory,988.0830805946598,59285,1044.7997327539517,62688.0,Cory,trial,1,,,,False,,0.713615079986037,0.7545770790952971,3,7577,0,2251,LOOPY_scoring_duration_nonsocial,Nonsocial Duration,14403,#c5f379,14397
261,StealingParadigm_2022_12_13_VS_Cory,1009.6997417320684,60582,1027.2497372430103,61635.0,Cory,latency_first_choice,latency,,,,False,,0.7292271025674977,0.7419020908313974,3,7577,0,2251,LOOPY_scoring_duration_nonsocial,Nonsocial Duration,14408,#9279f3,14398
262,StealingParadigm_2022_12_13_VS_Cory,1030.049736526807,61803,1041.4497336108375,62487.0,Cory,latency_first_choice,latency_to_2nd_choice,,,,False,,0.7439243111811934,0.752157636891077,3,7577,0,2251,LOOPY_scoring_duration_nonsocial,Nonsocial Duration,14409,#83f379,14398
263,StealingParadigm_2022_12_13_VS_Cory,1034.649735350188,62079,,,Cory,first_choice,opaque,,,,True,,0.7472465303272867,0.7472465303272867,3,7577,0,2251,LOOPY_scoring_event_nonsocial,Nonsocial Event,14400,#bb79f3,14396
264,StealingParadigm_2022_12_13_VS_Cory,1067.4663936227844,64048,1092.63305385215,65558.0,Cory,trial,2,,,,False,,0.7709474343079312,0.7891233434043117,3,7577,0,2251,LOOPY_scoring_duration_nonsocial,Nonsocial Duration,14404,#c5f379,14397
265,StealingParadigm_2022_12_13_VS_Cory,1082.7663897092464,64966,1086.8997219853275,65214.0,Cory,latency_first_choice,latency,,,,False,,0.7819974240764592,0.7849826064975866,3,7577,0,2251,LOOPY_scoring_duration_nonsocial,Nonsocial Duration,14408,#9279f3,14398
266,StealingParadigm_2022_12_13_VS_Cory,1087.4497218446447,65247,1091.1163875734264,65467.0,Cory,latency_first_choice,latency_to_2nd_choice,,,,False,,0.7853798283520108,0.7880279740481722,3,7577,0,2251,LOOPY_scoring_duration_nonsocial,Nonsocial Duration,14409,#83f379,14398
267,StealingParadigm_2022_12_13_VS_Cory,1089.7830545811423,65387,,,Cory,first_choice,transparent,,,,True,,0.7870650119768408,0.7870650119768408,3,7577,0,2251,LOOPY_scoring_event_nonsocial,Nonsocial Event,14401,#79f398,14396
268,StealingParadigm_2022_12_13_VS_Cory,1281.2330056107594,76874,1314.649663729884,78879.0,Cory,trial,3,,,,False,,0.9253343283941404,0.949468565306884,3,7577,0,2251,LOOPY_scoring_duration_nonsocial,Nonsocial Duration,14405,#c5f379,14397
269,StealingParadigm_2022_12_13_VS_Cory,1304.0996664284346,78246,1308.599665277394,78516.0,Cory,latency_first_choice,latency,,,,False,,0.9418491279174741,0.9450991249082177,3,7577,0,2251,LOOPY_scoring_duration_nonsocial,Nonsocial Duration,14408,#9279f3,14398
270,StealingParadigm_2022_12_13_VS_Cory,1309.7163316584322,78583,1313.5496640112494,78813.0,Cory,latency_first_choice,latency_to_2nd_choice,,,,False,,0.9459056056429578,0.9486741215980355,3,7577,0,2251,LOOPY_scoring_duration_nonsocial,Nonsocial Duration,14409,#83f379,14398
271,StealingParadigm_2022_12_13_VS_Cory,1312.1996643565617,78732,,,Cory,first_choice,opaque,,,,True,,0.9476991225008125,0.9476991225008125,3,7577,0,2251,LOOPY_scoring_event_nonsocial,Nonsocial Event,14400,#bb79f3,14396
272,StealingParadigm_2022_12_13_VS_Cory,1342.1163233709399,80527,1384.5996458375973,83076.0,Cory,trial,4,,,,False,,0.9693055839763112,0.9999879629741083,3,7577,0,2251,LOOPY_scoring_duration_nonsocial,Nonsocial Duration,14406,#c5f379,14397
273,StealingParadigm_2022_12_13_VS_Cory,1361.849651656747,81711,1366.0496505824424,81963.0,Cory,latency_first_choice,latency,,,,False,,0.9835574226320161,0.9865907531567101,3,7577,0,2251,LOOPY_scoring_duration_nonsocial,Nonsocial Duration,14408,#9279f3,14398
274,StealingParadigm_2022_12_13_VS_Cory,1367.3163169251125,82039,1382.9163129348385,82975.0,Cory,latency_first_choice,latency_to_2nd_choice,,,,False,,0.9875055671244749,0.9987722233590525,3,7577,0,2251,LOOPY_scoring_duration_nonsocial,Nonsocial Duration,14409,#83f379,14398
275,StealingParadigm_2022_12_13_VS_Cory,1368.532983280572,82112,,,Cory,first_choice,opaque,,,,True,,0.9883842700145647,0.9883842700145647,3,7577,0,2251,LOOPY_scoring_event_nonsocial,Nonsocial Event,14400,#bb79f3,14396
